{
  "train_losses": [
    0.04311792231742966,
    0.03811944297872116,
    0.03694586931679576,
    0.036544122026197744,
    0.03626541379817593,
    0.036017528313983714,
    0.03589530439880653,
    0.0358433053544476,
    0.035633108101841365,
    0.03562979882537763,
    0.03556873618821877,
    0.03554767850867602,
    0.03548288981526083,
    0.035490348321528614,
    0.03536835846367216,
    0.03536391438151083,
    0.03525104434051909,
    0.03530135535217708,
    0.03530418110425879,
    0.035317101347733706,
    0.03526447063933336,
    0.034338912763785645,
    0.034225386975265726,
    0.0341167079241609,
    0.03411334274961479,
    0.033910985268608744,
    0.0338219330056169,
    0.033865819000292424,
    0.03381456537821172,
    0.033158219916359234,
    0.032994153710401326,
    0.03287728058871086,
    0.03271607681861775,
    0.03261009756163035,
    0.03248300573357712,
    0.03199801436769652,
    0.03173042180962395,
    0.031680007467719803
  ],
  "val_losses": [
    0.030049647791724546,
    0.028576315272797578,
    0.02808007047917758,
    0.027949262455219923,
    0.028065859756717434,
    0.027919776713184904,
    0.028073827294468473,
    0.029101710483185595,
    0.027789988319778483,
    0.028476605281592068,
    0.02822519502447037,
    0.028182456535353503,
    0.027891941426040023,
    0.02835300950593997,
    0.0276173764693778,
    0.02879136135476152,
    0.028611542822703166,
    0.027832920600366084,
    0.02844806251858139,
    0.02811809335898328,
    0.02779417673801475,
    0.027719615356631873,
    0.02754910652227242,
    0.027767035509626076,
    0.027646722776147353,
    0.02770263103311668,
    0.027676204559378928,
    0.02772440299254466,
    0.027815961972981928,
    0.027767665087359027,
    0.027635332561959422,
    0.02769400819000907,
    0.027971177550958598,
    0.027950933287698893,
    0.027971537182230288,
    0.028175230849528294,
    0.028549073427348252,
    0.028478656887041175
  ],
  "best_val_loss": 0.02754910652227242,
  "epochs_trained": 38
}